{"assets/collegeLogo.png":["assets/collegeLogo.png"],"assets/express.jpg":["assets/express.jpg"],"assets/fonts/Noto_Sans_Arabic/static/NotoSansArabic-Regular.ttf":["assets/fonts/Noto_Sans_Arabic/static/NotoSansArabic-Regular.ttf"],"assets/quadro.png":["assets/quadro.png"],"assets/room.jpg":["assets/room.jpg"],"assets/theFirst.png":["assets/theFirst.png"],"assets/ultimate.jpeg":["assets/ultimate.jpeg"],"packages/cupertino_icons/assets/CupertinoIcons.ttf":["packages/cupertino_icons/assets/CupertinoIcons.ttf"],"packages/window_manager/images/ic_chrome_close.png":["packages/window_manager/images/ic_chrome_close.png"],"packages/window_manager/images/ic_chrome_maximize.png":["packages/window_manager/images/ic_chrome_maximize.png"],"packages/window_manager/images/ic_chrome_minimize.png":["packages/window_manager/images/ic_chrome_minimize.png"],"packages/window_manager/images/ic_chrome_unmaximize.png":["packages/window_manager/images/ic_chrome_unmaximize.png"]}